hour,US-East,US-West,EU-West,EU-North,Singapore
0,251.91623334203172,57.39539778925222,236.49713938992608,20.738924690215516,268.9513255452516
1,284.092528688003,64.89704558864763,231.75103724405565,18.809342576918333,297.55261396042874
2,279.44577615558677,67.63638575312143,227.0167150425445,22.36863552266974,297.9960102648554
3,282.79291389956836,61.26996447101607,217.90764242794228,22.84908403702692,345.4977046964241
4,270.70092375532323,71.2719632890158,247.98347667580424,24.524099609813657,304.67128987722157
5,285.2078700933514,70.81298273875908,260.32463121836946,24.776081808807113,340.8933769909741
6,294.4522013460657,81.29373008846932,257.96074321903285,25.56707597967895,401.4591298024121
7,364.59916114690685,77.67800515402021,286.44641252670345,25.864150147687955,414.2142719649772
8,362.48523273447245,90.21849788822087,297.4372074726086,29.880006658447076,429.3003990084449
9,384.02150012741754,88.12962056744509,322.3315987588495,30.624699612048044,398.6186572905168
10,342.61079620673223,100.77870807873053,332.55339146709156,26.66236818459823,402.22532420910045
11,421.61934779196247,87.42805486721306,299.37109024578666,27.00396963241507,452.668693626077
12,413.3709535148487,91.78661801591291,322.8943395928574,29.2587802012683,478.21943712235776
13,363.2259755859484,86.97470502049319,337.60872058621817,31.68236726799677,442.8702379637077
14,354.83105818272156,100.55559420931922,324.0077092813411,32.18850117214141,436.73306627892174
15,345.3346701129365,96.97739764741314,337.4934568358702,26.54042577456141,400.4682141385833
16,341.38945378470476,82.69302548968942,313.2358773119024,28.017718934436747,425.45885942591707
17,341.40175987012344,85.74793470092267,270.7176732180484,25.667721793917973,361.8372631744994
18,318.6036482042807,84.01211076317921,252.29539485650372,27.34957198907302,354.0580559520715
19,293.49180980273366,75.73768492319498,269.1677893969809,25.327952497168457,342.813018219949
20,297.2031272991591,71.52163122422242,224.8770819077078,24.02247917120012,330.8027416158951
21,257.3257243919078,64.32579911974021,241.03291421802513,21.330069172048617,298.86510797083605
22,255.95300676057946,60.00135370533763,248.2871007163833,20.31773896764872,280.0594351635507
23,253.6359390449672,68.8019490891724,226.04222587537612,19.25627818948478,302.6519863689926
24,256.1296967843365,68.2612842425445,215.86158394128003,18.22550198660371,281.1883860862679
25,275.4646306939043,65.43510598264396,229.06240411646888,21.641687987179647,300.911988791263
26,251.01404977518314,63.21398687582098,226.29009805958356,21.963397803951764,282.4581328852613
27,278.1104033952302,65.78215892229348,239.12964685942595,23.60970070503853,313.9098176573165
28,296.07298303363916,74.31308975353483,270.33197170001785,24.734865766832577,332.4528579143578
29,278.497629890526,80.86021734806187,255.75150034096964,23.96871652138806,316.8093598424409
30,329.94739743283293,85.11596550338885,301.4577191230801,26.344937075902553,355.00675401943374
31,317.3338204623668,87.74027584119376,313.8204003511876,28.63303771642724,357.77432707672324
32,324.392566197534,89.36851001016153,285.1284377044061,29.42306064872577,368.4468951159713
33,401.778041066416,82.67247704521556,287.8992748397131,27.09362254411169,459.95066649412746
34,414.2350496904934,86.41093457325236,297.9506181911085,29.040017660285073,415.26857635847836
35,409.17000247249456,101.77530139113692,297.58735411527505,27.617221708861504,465.03769489406733
36,372.45365938631966,96.81789497114583,304.3359017204727,32.724306163552335,418.78874887159236
37,354.3874708104159,85.00885106156909,341.37263099960825,30.463059125212652,453.79492615150184
38,392.9080868139491,85.2958227301689,296.03438446044066,27.73833882250583,452.9753321552548
39,364.26619313875045,93.12095283721922,303.62658981816554,29.515448046239772,426.9142827534786
40,328.44203696807,78.29797032724728,324.5408288820653,28.149705322518436,401.4050614635398
41,339.39201057365966,77.45269382250238,262.6092373641514,25.54819862579813,379.1914837728054
42,292.9214984640431,79.76999387199206,293.3586602389093,23.067787960998146,355.9069307642559
43,331.3536439510239,77.78565823435272,250.29489221114304,24.51936434180288,377.8981409362431
44,276.675468130225,73.260889110127,229.4304286362439,22.59138465406707,352.1407180784574
45,286.335067231677,64.08727643648433,246.29177661810962,22.633499871307375,344.40420585256095
46,256.9980682792441,68.0885721146357,234.0802305516864,20.753228382445556,280.6335559894744
47,261.6471416682117,60.3889088666486,239.4920555046358,21.591097163448445,309.7730644532494
48,260.8139872364607,60.993052184733145,231.1807372943796,20.207627355097944,319.3393516245314
49,244.1757307368611,66.88056411674627,236.19677539045475,20.41619916572389,277.2235999478389
50,292.13572082714546,67.27150700701078,218.2476562312269,22.22694940604048,277.1258039849493
51,292.58091848065374,72.56511789925847,221.68042342787655,21.050128344931153,330.29370660062426
52,316.25246846254197,73.3412553285109,260.85054086151786,20.853068528027883,335.21969385666506
53,330.46585673939416,75.93406758681989,277.7737283144892,21.47177817380644,371.7941483149237
54,329.32433863119616,72.58006133168386,303.07588383843716,26.2756862783681,340.55929244436965
55,368.38350889578976,80.89105956523046,285.21362410316624,26.92678138547794,408.79179599943865
56,326.0582771958094,82.8192171503084,295.82893816933785,28.622438724545734,379.60938982065494
57,346.2621452487496,85.55527926499977,332.4480961620473,26.897389725636675,390.72262246361913
58,344.4784501559875,101.45122787997195,313.4948930220665,27.19707285717353,401.6551003785783
59,371.93531190154073,92.24627155222042,357.69042905180055,26.933438614843567,465.4493439422361
60,378.9702634967286,102.23320268615807,354.9412606820811,29.103525352839583,454.9505711989213
61,367.774446240498,96.73389613285646,324.64238093157473,30.366071381691572,439.91902073322
62,403.8599440162923,98.14801246283218,340.0512435553046,28.698027850068172,418.40969841144437
63,358.1166872015771,90.21984568608816,331.0701394467145,28.178696609420143,450.50362259962907
64,339.73320625838534,88.23658951480613,279.50168131571786,29.722872819715626,395.01601797330363
65,342.6206505140322,82.96500093480043,313.65797122073826,25.49609818550455,410.4386248081259
66,299.80370493336966,74.18483920720911,276.2899309591217,25.069947445799055,362.53250228905404
67,324.79168544791634,78.24346600130441,278.8008335970119,25.050755036294998,339.43794836823844
68,265.96437442354187,67.98258299390898,239.46006417920083,22.034442520445715,327.83462664133424
69,304.325686815068,61.37480084931915,255.71295207836235,21.988571261582813,302.5812609489757
70,281.5956111616316,67.21715555152338,223.13866431370306,22.167875347627312,318.4603431897432
71,244.89818113989932,59.62228402205207,200.89547253490056,21.983770407002382,296.2621464198671
72,232.84538301294782,68.76739650622085,238.70166807867474,18.58829392371615,277.87552945902115
73,277.04311645493055,69.52490564009048,204.4783647164634,21.891256990043324,319.763934038874
74,278.1032065337515,70.73632138635058,219.94903844489357,20.63728193694461,296.3874712808079
75,290.02259681350637,66.06634517803532,258.2977360275392,20.426635067985764,317.8430493026663
76,306.4716579563209,64.2097930870405,270.7861630598578,22.316110903072175,357.15154765031804
77,280.1879441943083,81.32778425194134,265.5571214849206,25.981826078161294,356.64971324857316
78,313.85688606396,77.86530954341357,283.27741411177294,24.96309046996435,338.8803161879939
79,313.6203399494984,90.84414918222713,287.29369428313595,25.393530932249412,419.95212191966334
80,381.10212944271973,94.95771520181123,291.0437580575065,28.233704698742,414.01114820498634
81,377.77058650301996,96.53862113924899,304.237054047351,27.05251720474073,405.0699760587575
82,366.12916333646,88.87297443376326,334.97705630040514,26.84213052693103,399.50280939300717
83,351.7579900329909,92.09545302151884,345.9414564738472,27.615553079732504,463.6496203128463
84,372.9473495793981,101.45755129195962,350.51419585640025,27.768275033746637,450.9760083421835
85,371.92398050316575,90.81018208435098,348.39446316192993,27.752906420608674,440.82947109588304
86,396.3468748054353,86.55670731651902,297.33073324481126,27.21147803852698,464.48563626833305
87,378.82201095890974,91.19666709244044,314.6807374792653,29.339521117297085,443.0804066248707
88,382.8153374874738,94.4803699749144,276.73496790821065,25.7503404641953,375.57622978962235
89,337.83188279861787,86.34693823361152,293.1623275529588,25.482487395773724,371.4623625399934
90,298.4257882876143,80.10696648741197,272.7724836758104,26.983942049530064,348.5391028623818
91,319.3428247273309,68.87550421787594,282.00664829954314,23.582452199204962,364.9814749096901
92,305.8620427265865,72.73540276366221,240.99345782358728,23.25400982334462,299.4851526386456
93,280.7195914749578,74.47555922314517,218.81915556934783,20.057770291208822,319.50278730928403
94,281.5273738988823,60.615086640808066,211.90186669107428,19.39780360185629,319.36149924073374
95,260.27781662557777,63.97203238462785,234.32757866145104,18.318200811095096,318.41318405448055
96,259.5748326224615,67.96999562916936,226.0205096760461,18.67574025228866,284.3270402845981
97,256.82461222983443,66.80761188683523,204.91642254236234,19.277187873433387,315.12596903409684
98,241.70694277687025,67.89048611612559,209.2144151543135,19.334642528233914,279.8042420647859
99,255.57292131078913,70.57451931862086,246.49234447731638,19.698809990317773,336.9316722063243
100,263.4572928558267,69.10196417034493,227.17486615617315,20.792861419952704,305.69190103365077
101,314.63625374199887,71.8182248899487,278.56019319741654,23.519949816456542,340.8538224155412
102,311.0073963775307,83.88790625656051,287.3845709390386,23.531668592028964,388.82147984821927
103,340.3020368575549,88.24276442703349,265.98102578766105,25.580314985797813,358.97113109240706
104,384.2616736371882,93.27971689692221,278.3913459992529,27.51879498970172,381.8397576510835
105,350.1929550976126,97.62485629557742,345.6937309060718,29.62213752350624,437.52203071740763
106,372.1532481173649,92.89345134734579,315.6622632936431,26.627720328014984,449.51432656267315
107,405.0966292331142,94.29021373653269,320.79910312481434,31.615889362956317,450.26063585619505
108,366.57643378891055,100.45567659321006,351.91984333513693,30.767402336945448,457.4829789886622
109,352.79252064386316,97.08879690830618,358.77660590913945,27.334434538536975,441.6407534741423
110,363.0107038118242,96.4269887311789,355.27847852553055,31.521548718243384,409.1928742205749
111,343.69897201291155,95.50674744736983,330.99675652812584,30.93749763702211,405.97399753291023
112,385.83431517546325,93.67829284078931,296.0864820334372,25.085928779201755,377.99219965454716
113,360.6546235310923,80.39716578424819,266.10596151886483,25.120735152201053,417.5294821452908
114,331.6178826705734,77.03421065171112,291.29850975919453,26.531006398965307,373.1209577358333
115,329.0345011203305,68.82764298980015,264.7702211968594,24.882948890403146,341.10188751115004
116,308.35549455091456,72.21314360496561,244.63534941938983,21.0803445871037,327.79010338873144
117,259.9367671426955,61.53251801683173,256.22627894416223,20.216733775175886,343.28601181656194
118,288.0217086558975,64.86739315585027,210.4508086798541,20.134407944516163,282.3967596401101
119,262.65171864658396,64.28199186231963,222.35244471433626,20.107935442827614,301.20759301324875
120,274.2885072188788,60.50188142690152,199.22137695292923,20.473019086121184,293.94578322409586
121,281.24556457193836,64.896284774051,221.2851591347794,19.64155876741731,302.70138745227695
122,257.33415129255485,59.183554494812256,207.94548761732,20.514992449332237,274.1894099709708
123,255.69275153576137,61.551590015971335,218.9021369129614,22.52683240623507,338.54948911419325
124,274.8821503501885,75.68737997258035,229.3987039398866,20.41507441300769,358.8457337408675
125,301.815200163291,72.81601684768694,269.5232495013865,22.532163529875046,352.53598660588915
126,343.5437538785931,73.10755609989978,289.5816773354514,26.06674792942276,381.43417047256395
127,364.22916816264467,83.45897647616019,295.12698188590144,28.37241647029679,418.6140435011836
128,320.26401839554643,91.59248795285386,331.6631171433742,27.56422593163617,420.4324473344639
129,369.47155922883593,85.04727356105033,307.14833263754406,28.718808995457955,389.7912449443709
130,372.68589961993257,94.96117792339236,309.9271197535369,27.025788058123773,437.1357034922511
131,363.9789446378318,86.44446344997274,353.59645265603757,29.515895212533973,447.24503712224816
132,358.1319632757071,86.2998854333568,312.89098834352853,30.195703598730145,433.71742952831414
133,372.8822244903234,94.85273577910523,359.82871208865873,28.293227258048557,458.60669241950524
134,412.51294599003137,93.4364400116505,292.2112770286042,27.97650194957604,467.9710212439692
135,355.64282135203837,92.65076085072661,344.6376952876576,27.835181521028147,454.5559071444603
136,356.6352615810836,90.82946738009987,275.860669853639,24.8603915877775,399.73077084716965
137,353.5136186944315,90.99698804350817,312.99554873632354,25.35844175296089,356.1395025154646
138,314.1904723137024,79.2575455031589,277.52910122156374,23.557240034982723,402.58734400383537
139,335.1798002793008,72.25816962755503,287.5162664532059,22.888038505963937,371.5901706971102
140,317.58668572793437,75.29754768961098,227.22621333605463,20.78892959318663,305.5052167202878
141,263.5537104157427,64.71892800574474,239.52005092161033,23.140958009317217,341.61967985761373
142,266.907798996412,64.51956033543642,249.61393346358452,21.056781806467733,325.881542329704
143,250.2229216738298,58.36467115325411,223.70958410849602,20.892882908667175,297.21663802809485
144,247.28055674942757,57.20043339677139,226.51424386005323,21.156684954429355,298.9596935869423
145,236.4636289467294,69.63606329149998,231.39879301655105,20.164086583486586,290.11996337825855
146,272.90669427487353,69.70582779458353,226.12069375013078,18.962211945819178,276.4136675504652
147,277.4694917629758,70.48620929292284,243.01313479415762,21.623760515813725,304.712546410216
148,264.6229745976744,69.80531086957093,252.58873501633963,22.89078503109396,350.30649881438467
149,292.72104467503425,70.01591152516345,282.71085713079947,24.869577735070195,313.5248051663479
150,349.3739762334459,73.57170527420315,250.9086401948485,24.658297731148398,354.77883920213003
151,322.02451850217415,78.93891031666986,277.5701118399934,24.3356074290826,378.13599567988086
152,330.06622961080234,87.75555943259239,330.94898531312873,26.310767481892988,406.71932098120794
153,367.90138869906303,94.04240817502203,339.6214333674463,27.7541299512449,454.0772788049449
154,415.75222676762,95.65272252516297,320.93289278321686,30.186081263423507,417.33461838728175
155,365.51649018088875,90.11287022463215,337.2314975437059,30.25188724721056,424.4951490385856
156,400.9439476349037,103.42424572137416,316.45372956067024,29.13658035538708,461.3191099335066
157,405.5643859774878,98.74653819078632,308.7775734633934,32.732143019102836,433.7142128929893
158,359.06104025581175,93.69074289873853,321.4536775787286,29.950604796350405,406.8510901005795
159,385.5068175786167,92.18711018459666,305.7925375090798,27.03585914713509,414.91700482235694
160,345.90466941103017,85.502649084995,308.679599111585,25.309803599412223,374.7027958254651
161,348.7090900020337,78.89716774961431,265.7711981389582,24.468544255321884,361.0145668606169
162,331.62601931515377,76.72436832268994,302.18659338317246,23.729788641922543,366.8801945190778
163,308.4717058067483,78.77374350298084,287.162741574938,22.09713376374364,342.35984988515185
164,266.8794472309633,64.19467540831513,258.244673952501,21.089551608230877,357.70472022455874
165,295.91818003494524,62.61952991770454,238.67844030168197,20.54190260106283,306.4264708558158
166,257.4824516071594,59.386067819171735,219.50241344019452,19.319607721573103,308.32438019253146
167,244.2624616734958,57.88373226038264,236.65612551746509,21.770952021061568,303.9337631070289
